,state,abbreviation,month,as_of_date,pop
0,alabama,AL,march,2020-03-31,21114
1,alabama,AL,april,2020-04-30,20655
2,alabama,AL,june,2020-06-30,19752
3,alabama,AL,july,2020-07-31,19342
4,alabama,AL,aug,2020-08-31,18901
5,alabama,AL,sept,2020-09-30,18693
6,alabama,AL,oct,2020-10-31,18262
7,alabama,AL,nov,2020-11-30,17914
8,alabama,AL,dec,2020-12-31,17725
9,alabama,AL,jan_2021,2021-01-31,17454
10,alabama,AL,feb_2021,2021-02-28,17308
11,alabama,AL,march_2021,2021-03-31,17134
12,alabama,AL,may_2021,2021-04-30,17051
13,alabama,AL,april_2021,2021-04-30,17051
14,alaska,AK,march,2020-03-15,4776
15,alaska,AK,april,2020-04-15,4277
16,alaska,AK,june,2020-06-16,4216
17,alaska,AK,july,2020-07-31,4334
18,alaska,AK,aug,2020-08-31,4414
19,alaska,AK,sept,2020-09-30,4511
20,alaska,AK,oct,2020-10-31,4586
21,alaska,AK,nov,2020-11-30,4581
22,alaska,AK,dec,2020-12-31,4559
23,alaska,AK,jan_2021,2021-01-31,4523
24,alaska,AK,feb_2021,2021-02-28,4505
25,alaska,AK,march_2021,2021-03-31,4493
26,alaska,AK,april_2021,2021-04-30,4478
27,alaska,AK,may_2021,2021-05-31,4487
28,arizona,AZ,march,2020-03-31,42360
29,arizona,AZ,april,2020-04-30,41777
30,arizona,AZ,june,2020-06-30,40529
31,arizona,AZ,july,2020-07-31,39339
32,arizona,AZ,aug,2020-08-31,39153
33,arizona,AZ,sept,2020-09-30,38894
34,arizona,AZ,oct,2020-10-31,38495
35,arizona,AZ,nov,2020-11-30,38141
36,arizona,AZ,dec,2020-12-31,37731
37,arizona,AZ,jan_2021,2021-01-31,37396
38,arizona,AZ,feb_2021,2021-02-28,36975
39,arizona,AZ,march_2021,2021-03-31,36704
40,arizona,AZ,april_2021,2021-04-30,36569
41,arizona,AZ,may_2021,2021-05-31,36266
42,arkansas,AR,march,2020-03-15,17501
43,arkansas,AR,april,2020-04-15,17502
44,arkansas,AR,june,2020-06-16,16473
45,arkansas,AR,july,2020-07-31,15736
46,arkansas,AR,aug,2020-08-31,15521
47,arkansas,AR,sept,2020-09-30,15127
48,arkansas,AR,oct,2020-10-30,14883
49,arkansas,AR,nov,2020-11-30,14899
50,arkansas,AR,dec,2020-12-31,14812
51,arkansas,AR,jan_2021,2021-02-01,14462
52,arkansas,AR,feb_2021,2021-02-26,14630
53,arkansas,AR,march_2021,2021-03-31,15020
54,arkansas,AR,april_2021,2021-04-30,15530
55,arkansas,AR,may_2021,2021-05-31,15898
56,california,CA,march,2020-03-11,117639
57,california,CA,april,2020-04-15,113632
58,california,CA,june,2020-06-17,109800
59,california,CA,july,2020-07-29,102715
60,california,CA,aug,2020-09-02,97342
61,california,CA,sept,2020-09-30,94852
62,california,CA,oct,2020-11-04,94433
63,california,CA,nov,2020-12-02,94179
64,california,CA,dec,2020-12-30,92350
65,california,CA,jan_2021,2021-01-27,91341
66,california,CA,feb_2021,2021-02-24,91516
67,california,CA,march_2021,2021-03-31,92079
68,california,CA,april_2021,2021-04-28,92836
69,california,CA,may_2021,2021-06-02,95107
70,colorado,CO,march,2020-03-31,17585
71,colorado,CO,april,2020-04-30,16382
72,colorado,CO,june,2020-06-30,15807
73,colorado,CO,july,2020-07-31,15531
74,colorado,CO,aug,2020-08-31,15022
75,colorado,CO,sept,2020-09-30,14935
76,colorado,CO,oct,2020-10-31,14673
77,colorado,CO,nov,2020-11-30,14257
78,colorado,CO,dec,2020-12-31,13687
79,colorado,CO,jan_2021,2021-01-31,13558
80,colorado,CO,feb_2021,2021-02-28,13556
81,colorado,CO,march_2021,2021-03-31,13553
82,colorado,CO,april_2021,2021-04-30,13537
83,colorado,CO,may_2021,2021-05-31,13650
84,connecticut,CT,march,2020-03-15,12290
85,connecticut,CT,april,2020-04-15,11454
86,connecticut,CT,june,2020-06-16,10206
87,connecticut,CT,july,2020-08-01,9645
88,connecticut,CT,aug,2020-09-01,9545
89,connecticut,CT,sept,2020-09-30,9391
90,connecticut,CT,oct,2020-10-31,9348
91,connecticut,CT,nov,2020-11-30,9233
92,connecticut,CT,dec,2020-12-31,9111
93,connecticut,CT,jan_2021,2021-01-31,9053
94,connecticut,CT,feb_2021,2021-02-28,9043
95,connecticut,CT,march_2021,2021-03-31,8961
96,connecticut,CT,april_2021,2021-04-30,8957
97,connecticut,CT,may_2021,2021-05-31,8957
98,delaware,DE,march,2020-03-15,5042
99,delaware,DE,april,2020-04-15,4624
100,delaware,DE,june,2020-06-25,4233
101,delaware,DE,july,2020-07-31,4195
102,delaware,DE,aug,2020-08-31,4216
103,delaware,DE,sept,2020-09-30,4322
104,delaware,DE,oct,2020-10-31,4457
105,delaware,DE,nov,2020-11-20,4168
106,delaware,DE,dec,2020-12-31,4358
107,delaware,DE,jan_2021,2021-01-31,4677
108,delaware,DE,feb_2021,2021-02-28,4360
109,delaware,DE,march_2021,2021-03-31,4326
110,delaware,DE,april_2021,2021-04-30,4269
111,delaware,DE,may_2021,2021-05-31,4267
112,federal,US,march,2020-03-12,172088
113,federal,US,april,2020-04-16,167720
114,federal,US,june,2020-06-18,154707
115,federal,US,july,2020-07-31,150025
116,federal,US,aug,2020-08-27,147457
117,federal,US,sept,2020-10-01,146802
118,federal,US,oct,2020-11-05,145718
119,federal,US,nov,2020-12-03,144751
120,federal,US,dec,2020-12-31,143350
121,federal,US,jan_2021,2021-01-28,143416
122,federal,US,feb_2021,2021-03-04,143443
123,federal,US,march_2021,2021-04-01,143987
124,federal,US,april_2021,2021-04-22,144016
125,federal,US,may_2021,2021-06-03,144976
126,florida,FL,march,2020-03-15,93764
127,florida,FL,april,2020-04-15,91828
128,florida,FL,june,2020-06-16,88305
129,florida,FL,july,2020-07-31,85839
130,florida,FL,aug,2020-09-01,84601
131,florida,FL,sept,2020-09-30,82997
132,florida,FL,oct,2020-10-31,82027
133,florida,FL,nov,2020-12-01,81795
134,florida,FL,dec,2020-12-31,79523
135,florida,FL,jan_2021,2021-02-01,79322
136,florida,FL,feb_2021,2021-02-28,79476
137,florida,FL,march_2021,2021-03-31,79660
138,florida,FL,april_2021,2021-04-30,80298
139,florida,FL,may_2021,2021-05-31,80271
140,georgia,GA,march,2020-04-01,55019
141,georgia,GA,april,2020-05-01,53642
142,georgia,GA,june,2020-07-01,51213
143,georgia,GA,july,2020-08-01,50446
144,georgia,GA,aug,2020-09-01,49848
145,georgia,GA,sept,2020-10-01,49365
146,georgia,GA,oct,2020-11-05,48433
147,georgia,GA,nov,2020-11-30,48132
148,georgia,GA,dec,2021-01-01,47703
149,georgia,GA,jan_2021,2021-02-01,47027
150,georgia,GA,feb_2021,2021-03-01,46530
151,georgia,GA,march_2021,2021-04-01,46309
152,georgia,GA,april_2021,2021-05-03,46195
153,georgia,GA,may_2021,2021-06-01,46296
154,hawaii,HI,march,2020-03-31,4836
155,hawaii,HI,april,2020-04-30,4260
156,hawaii,HI,june,2020-06-15,4404
157,hawaii,HI,july,2020-07-31,4508
158,hawaii,HI,aug,2020-08-31,4162
159,hawaii,HI,sept,2020-09-30,4140
160,hawaii,HI,oct,2020-11-02,4184
161,hawaii,HI,nov,2020-11-30,4183
162,hawaii,HI,dec,2020-12-31,4171
163,hawaii,HI,jan_2021,2021-01-31,4200
164,hawaii,HI,feb_2021,2021-03-01,4153
165,hawaii,HI,march_2021,2021-03-31,4117
166,hawaii,HI,april_2021,2021-04-30,4084
167,hawaii,HI,may_2021,2021-05-31,4134
168,idaho,ID,march,2020-03-16,7816
169,idaho,ID,april,2020-04-15,7641
170,idaho,ID,june,2020-06-16,7798
171,idaho,ID,july,2020-07-31,7626
172,idaho,ID,aug,2020-08-31,7426
173,idaho,ID,sept,2020-09-30,7155
174,idaho,ID,oct,2020-10-30,7496
175,idaho,ID,nov,2020-11-30,7407
176,idaho,ID,dec,2020-12-31,7343
177,idaho,ID,jan_2021,2021-02-01,7461
178,idaho,ID,feb_2021,2021-03-01,7827
179,idaho,ID,march_2021,2021-03-31,7867
180,idaho,ID,april_2021,2021-04-30,7921
181,idaho,ID,may_2021,2021-06-01,7878
182,illinois,IL,march,2020-03-31,36931
183,illinois,IL,april,2020-04-30,34668
184,illinois,IL,june,2020-06-30,31945
185,illinois,IL,july,2020-07-31,31195
186,illinois,IL,aug,2020-09-01,31236
187,illinois,IL,sept,2020-09-30,31002
188,illinois,IL,oct,2020-10-31,30651
189,illinois,IL,nov,2020-11-30,30001
190,illinois,IL,dec,2020-12-31,29225
191,illinois,IL,jan_2021,2021-01-22,29151
192,illinois,IL,feb_2021,2021-02-28,28160
193,illinois,IL,march_2021,2021-03-31,27503
194,illinois,IL,april_2021,2021-04-30,27313
195,illinois,IL,may_2021,2021-05-31,27313
196,indiana,IN,march,2020-04-01,26936
197,indiana,IN,april,2020-05-01,26418
198,indiana,IN,june,2020-07-01,25385
199,indiana,IN,july,2020-07-01,25385
200,indiana,IN,aug,2020-09-01,24513
201,indiana,IN,sept,2020-10-01,24350
202,indiana,IN,oct,2020-11-01,24203
203,indiana,IN,nov,2020-12-01,23978
204,indiana,IN,dec,2021-01-01,23726
205,indiana,IN,jan_2021,2021-02-01,23745
206,indiana,IN,feb_2021,2021-03-01,23745
207,indiana,IN,march_2021,2021-04-01,23769
208,indiana,IN,april_2021,2021-05-01,23554
209,indiana,IN,may_2021,2021-06-01,23510
210,iowa,IA,march,2020-03-15,8533
211,iowa,IA,april,2020-04-15,8401
212,iowa,IA,june,2020-06-18,7600
213,iowa,IA,july,2020-07-31,7493
214,iowa,IA,aug,2020-08-31,7362
215,iowa,IA,sept,2020-09-30,7395
216,iowa,IA,oct,2020-10-31,7415
217,iowa,IA,nov,2020-11-30,7441
218,iowa,IA,dec,2020-12-31,7542
219,iowa,IA,jan_2021,2021-01-31,7489
220,iowa,IA,feb_2021,2021-02-28,7554
221,iowa,IA,march_2021,2021-04-05,7627
222,iowa,IA,april_2021,2021-04-30,7673
223,iowa,IA,may_2021,2021-05-31,7680
224,kansas,KS,march,2020-03-16,9804
225,kansas,KS,april,2020-04-15,9673
226,kansas,KS,june,2020-06-16,9091
227,kansas,KS,july,2020-07-31,8735
228,kansas,KS,aug,2020-08-31,8580
229,kansas,KS,sept,2020-09-30,8486
230,kansas,KS,oct,2020-10-30,8414
231,kansas,KS,nov,2020-11-30,8408
232,kansas,KS,dec,2020-12-31,8574
233,kansas,KS,jan_2021,2021-01-29,8665
234,kansas,KS,feb_2021,2021-03-01,8719
235,kansas,KS,march_2021,2021-03-31,8745
236,kansas,KS,april_2021,2021-04-30,8682
237,kansas,KS,may_2021,2021-06-01,8650
238,kentucky,KY,march,2020-03-16,12162
239,kentucky,KY,april,2020-04-15,11782
240,kentucky,KY,june,2020-06-15,11272
241,kentucky,KY,july,2020-07-31,11002
242,kentucky,KY,aug,2020-08-31,10589
243,kentucky,KY,sept,2020-09-30,10391
244,kentucky,KY,oct,2020-10-30,10242
245,kentucky,KY,nov,2020-11-30,10151
246,kentucky,KY,dec,2020-12-30,9854
247,kentucky,KY,jan_2021,2021-01-29,9706
248,kentucky,KY,feb_2021,2021-03-01,9655
249,kentucky,KY,march_2021,2021-03-31,9625
250,kentucky,KY,april_2021,2021-04-30,9708
251,kentucky,KY,may_2021,2021-06-01,9899
252,louisiana,LA,march,2020-03-18,15066
253,louisiana,LA,april,2020-04-15,14967
254,louisiana,LA,june,2020-06-17,14623
255,louisiana,LA,july,2020-07-31,14443
256,louisiana,LA,aug,2020-08-31,14313
257,louisiana,LA,sept,2020-09-30,14241
258,louisiana,LA,oct,2020-10-31,14134
259,louisiana,LA,nov,2020-11-30,14052
260,louisiana,LA,dec,2020-12-31,13903
261,louisiana,LA,jan_2021,2021-01-31,13822
262,louisiana,LA,feb_2021,2021-02-28,13722
263,louisiana,LA,march_2021,2021-03-31,13724
264,louisiana,LA,april_2021,2021-04-30,13546
265,louisiana,LA,may_2021,2021-05-31,13522
266,maine,ME,march,2020-03-15,2138
267,maine,ME,april,2020-04-15,2019
268,maine,ME,june,2020-06-16,1828
269,maine,ME,july,2020-07-25,1788
270,maine,ME,aug,2020-08-31,1783
271,maine,ME,sept,2020-09-29,1779
272,maine,ME,oct,2020-10-31,1766
273,maine,ME,nov,2020-12-01,1718
274,maine,ME,dec,2020-12-31,1712
275,maine,ME,jan_2021,2021-02-03,1679
276,maine,ME,feb_2021,2021-03-02,1672
277,maine,ME,march_2021,2021-04-02,1661
278,maine,ME,april_2021,2021-04-30,1616
279,maine,ME,may_2021,2021-05-28,1603
280,maryland,MD,march,2020-04-01,20314
281,maryland,MD,april,2020-05-01,19731
282,maryland,MD,june,2020-07-01,19109
283,maryland,MD,july,2020-08-01,17635
284,maryland,MD,aug,2020-08-31,17455
285,maryland,MD,sept,2020-09-30,18003
286,maryland,MD,oct,2020-10-31,18280
287,maryland,MD,feb_2021,2020-11-30,18426
288,maryland,MD,april_2021,2020-11-30,18426
289,maryland,MD,may_2021,2020-11-30,18426
290,maryland,MD,nov,2020-11-30,18426
291,maryland,MD,jan_2021,2020-11-30,18426
292,maryland,MD,march_2021,2020-11-30,18426
293,maryland,MD,dec,2020-11-30,18426
294,massachusetts,MA,march,2020-03-16,7969
295,massachusetts,MA,april,2020-04-13,7626
296,massachusetts,MA,june,2020-06-15,7125
297,massachusetts,MA,july,2020-07-31,7033
298,massachusetts,MA,aug,2020-08-31,6973
299,massachusetts,MA,sept,2020-09-28,6891
300,massachusetts,MA,oct,2020-11-02,6729
301,massachusetts,MA,nov,2020-11-30,6690
302,massachusetts,MA,dec,2021-01-04,6570
303,massachusetts,MA,jan_2021,2021-02-01,6524
304,massachusetts,MA,feb_2021,2021-03-08,6374
305,massachusetts,MA,march_2021,2021-03-29,6362
306,massachusetts,MA,april_2021,2021-05-03,6318
307,massachusetts,MA,may_2021,2021-05-31,6345
308,michigan,MI,march,2020-03-22,38176
309,michigan,MI,april,2020-04-11,37687
310,michigan,MI,june,2020-06-16,35798
311,michigan,MI,july,2020-07-31,34973
312,michigan,MI,aug,2020-08-31,34561
313,michigan,MI,sept,2020-09-30,34330
314,michigan,MI,oct,2020-10-31,34134
315,michigan,MI,nov,2020-11-30,33917
316,michigan,MI,dec,2020-12-31,33617
317,michigan,MI,jan_2021,2021-01-31,33370
318,michigan,MI,feb_2021,2021-02-28,33185
319,michigan,MI,march_2021,2021-03-31,32962
320,michigan,MI,april_2021,2021-04-30,32822
321,michigan,MI,may_2021,2021-05-31,32698
322,minnesota,MN,march,2020-03-24,8904
323,minnesota,MN,april,2020-04-20,8718
324,minnesota,MN,june,2020-06-29,8402
325,minnesota,MN,july,2020-08-03,7736
326,minnesota,MN,aug,2020-08-31,7576
327,minnesota,MN,sept,2020-10-05,7674
328,minnesota,MN,oct,2020-10-31,7575
329,minnesota,MN,nov,2020-12-01,7549
330,minnesota,MN,dec,2021-01-05,7427
331,minnesota,MN,jan_2021,2021-02-03,7315
332,minnesota,MN,feb_2021,2021-03-02,7327
333,minnesota,MN,march_2021,2021-03-30,7342
334,minnesota,MN,april_2021,2021-04-27,7228
335,minnesota,MN,may_2021,2021-05-25,7251
336,mississippi,MS,march,2020-03-15,17667
337,mississippi,MS,april,2020-04-15,16147
338,mississippi,MS,june,2020-06-16,15857
339,mississippi,MS,july,2020-07-31,15662
340,mississippi,MS,aug,2020-08-31,15603
341,mississippi,MS,sept,2020-09-30,15579
342,mississippi,MS,oct,2020-10-31,15367
343,mississippi,MS,nov,2020-11-30,15459
344,mississippi,MS,dec,2020-12-31,15444
345,mississippi,MS,jan_2021,2021-01-31,15294
346,mississippi,MS,feb_2021,2021-03-01,15336
347,mississippi,MS,march_2021,2021-03-31,15261
348,mississippi,MS,april_2021,2021-04-30,15309
349,mississippi,MS,may_2021,2021-05-31,15532
350,missouri,MO,march,2020-03-31,25740
351,missouri,MO,april,2020-04-30,25133
352,missouri,MO,june,2020-06-18,24000
353,missouri,MO,july,2020-07-31,23877
354,missouri,MO,aug,2020-08-31,23777
355,missouri,MO,sept,2020-09-30,23602
356,missouri,MO,oct,2020-10-30,23554
357,missouri,MO,nov,2020-11-30,23397
358,missouri,MO,dec,2020-12-31,23106
359,missouri,MO,jan_2021,2021-01-31,23037
360,missouri,MO,feb_2021,2021-02-28,22783
361,missouri,MO,march_2021,2021-03-31,22939
362,missouri,MO,april_2021,2021-04-30,23044
363,missouri,MO,may_2021,2021-05-31,23057
364,montana,MT,march,2020-03-15,4508
365,montana,MT,april,2020-04-15,4318
366,montana,MT,june,2020-06-16,3962
367,montana,MT,july,2020-07-31,3907
368,montana,MT,aug,2020-08-31,3886
369,montana,MT,sept,2020-09-30,3812
370,montana,MT,oct,2020-10-31,3746
371,montana,MT,nov,2020-11-30,3709
372,montana,MT,dec,2020-12-31,3620
373,montana,MT,jan_2021,2021-01-31,3686
374,montana,MT,feb_2021,2021-02-28,3762
375,montana,MT,march_2021,2021-03-31,3782
376,montana,MT,april_2021,2021-04-30,3858
377,montana,MT,may_2021,2021-05-31,3908
378,nebraska,NE,march,2020-03-31,5621
379,nebraska,NE,april,2020-04-30,5539
380,nebraska,NE,june,2020-06-30,5384
381,nebraska,NE,july,2020-07-31,5307
382,nebraska,NE,aug,2020-08-31,5272
383,nebraska,NE,sept,2020-09-30,5297
384,nebraska,NE,oct,2020-10-31,5296
385,nebraska,NE,nov,2020-11-30,5308
386,nebraska,NE,dec,2020-12-31,5275
387,nebraska,NE,jan_2021,2021-01-31,5265
388,nebraska,NE,feb_2021,2021-03-01,5302
389,nebraska,NE,march_2021,2021-04-01,5320
390,nebraska,NE,april_2021,2021-05-01,5301
391,nebraska,NE,may_2021,2021-06-01,5363
392,nevada,NV,march,2020-03-08,12384
393,nevada,NV,april,2020-04-30,12152
394,nevada,NV,june,2020-06-14,11231
395,nevada,NV,july,2020-08-02,11696
396,nevada,NV,aug,2020-08-31,11529
397,nevada,NV,sept,2020-09-27,11354
398,nevada,NV,oct,2020-10-31,11273
399,nevada,NV,nov,2020-11-29,11222
400,nevada,NV,dec,2020-12-27,11134
401,nevada,NV,jan_2021,2021-01-31,11007
402,nevada,NV,feb_2021,2021-03-01,10926
403,nevada,NV,march_2021,2021-03-29,10841
404,nevada,NV,april_2021,2021-04-27,10777
405,nevada,NV,may_2021,2021-06-01,10640
406,new hampshire,NH,march,2020-04-01,2433
407,new hampshire,NH,april,2020-05-01,2359
408,new hampshire,NH,june,2020-07-01,2256
409,new hampshire,NH,july,2020-08-01,2228
410,new hampshire,NH,aug,2020-09-01,2209
411,new hampshire,NH,sept,2020-10-01,2203
412,new hampshire,NH,oct,2020-11-01,2184
413,new hampshire,NH,nov,2020-12-01,2155
414,new hampshire,NH,dec,2021-01-01,2136
415,new hampshire,NH,jan_2021,2021-02-01,2107
416,new hampshire,NH,feb_2021,2021-03-01,2071
417,new hampshire,NH,march_2021,2021-04-01,2053
418,new hampshire,NH,april_2021,2021-05-01,2030
419,new hampshire,NH,may_2021,2021-06-01,2016
420,new jersey,NJ,march,2020-03-15,18439
421,new jersey,NJ,april,2020-04-15,17958
422,new jersey,NJ,june,2020-06-16,16613
423,new jersey,NJ,july,2020-08-01,15866
424,new jersey,NJ,aug,2020-09-01,15480
425,new jersey,NJ,sept,2020-10-01,15380
426,new jersey,NJ,oct,2020-10-27,14784
427,new jersey,NJ,nov,2020-11-30,12800
428,new jersey,NJ,dec,2020-12-31,11463
429,new jersey,NJ,jan_2021,2021-01-31,11434
430,new jersey,NJ,feb_2021,2021-02-28,11128
431,new jersey,NJ,march_2021,2021-03-31,10962
432,new jersey,NJ,april_2021,2021-04-30,10875
433,new jersey,NJ,may_2021,2021-05-31,10722
434,new mexico,NM,march,2020-03-15,6573
435,new mexico,NM,april,2020-04-15,6588
436,new mexico,NM,june,2020-06-17,6328
437,new mexico,NM,july,2020-07-31,6175
438,new mexico,NM,aug,2020-08-31,6159
439,new mexico,NM,sept,2020-09-30,6040
440,new mexico,NM,oct,2020-11-01,6029
441,new mexico,NM,nov,2020-11-30,6012
442,new mexico,NM,dec,2020-12-31,5847
443,new mexico,NM,jan_2021,2021-01-31,5817
444,new mexico,NM,feb_2021,2021-02-28,5772
445,new mexico,NM,march_2021,2021-03-31,5710
446,new mexico,NM,april_2021,2021-04-30,5731
447,new mexico,NM,may_2021,2021-05-31,5708
448,new york,NY,march,2020-04-01,42784
449,new york,NY,april,2020-05-01,40956
450,new york,NY,june,2020-06-16,38723
451,new york,NY,july,2020-08-01,37559
452,new york,NY,aug,2020-09-01,37053
453,new york,NY,sept,2020-10-01,36528
454,new york,NY,oct,2020-11-01,35983
455,new york,NY,nov,2020-12-01,35353
456,new york,NY,dec,2021-01-01,34446
457,new york,NY,jan_2021,2021-02-01,33376
458,new york,NY,feb_2021,2021-03-01,32384
459,new york,NY,march_2021,2021-04-01,31412
460,new york,NY,april_2021,2021-05-01,31456
461,new york,NY,may_2021,2021-06-01,31890
462,north carolina,NC,jan_2021,2020-01-31,29023
463,north carolina,NC,march,2020-03-15,34256
464,north carolina,NC,april,2020-04-30,33790
465,north carolina,NC,june,2020-06-30,31485
466,north carolina,NC,july,2020-07-31,31471
467,north carolina,NC,aug,2020-09-01,31341
468,north carolina,NC,sept,2020-09-30,31048
469,north carolina,NC,oct,2020-10-31,30657
470,north carolina,NC,nov,2020-11-30,30278
471,north carolina,NC,dec,2020-12-31,29321
472,north carolina,NC,feb_2021,2021-02-28,28714
473,north carolina,NC,march_2021,2021-03-31,28679
474,north carolina,NC,april_2021,2021-04-30,28746
475,north carolina,NC,may_2021,2021-05-31,28765
476,north dakota,ND,jan_2021,2020-01-31,1254
477,north dakota,ND,march,2020-03-15,1519
478,north dakota,ND,april,2020-04-15,1321
479,north dakota,ND,june,2020-06-16,1247
480,north dakota,ND,july,2020-07-31,1237
481,north dakota,ND,aug,2020-09-01,1185
482,north dakota,ND,sept,2020-09-30,1205
483,north dakota,ND,oct,2020-10-31,1191
484,north dakota,ND,nov,2020-11-30,1235
485,north dakota,ND,dec,2020-12-31,1211
486,north dakota,ND,feb_2021,2021-02-28,1293
487,north dakota,ND,march_2021,2021-03-31,1351
488,north dakota,ND,april_2021,2021-04-30,1384
489,north dakota,ND,may_2021,2021-05-31,1368
490,ohio,OH,march,2020-03-19,48765
491,ohio,OH,april,2020-04-20,48927
492,ohio,OH,june,2020-06-16,46212
493,ohio,OH,july,2020-08-04,44972
494,ohio,OH,aug,2020-08-31,45047
495,ohio,OH,sept,2020-09-30,44536
496,ohio,OH,oct,2020-10-31,44598
497,ohio,OH,nov,2020-11-30,44441
498,ohio,OH,dec,2020-12-31,44027
499,ohio,OH,jan_2021,2021-01-31,43665
500,ohio,OH,feb_2021,2021-02-28,43495
501,ohio,OH,march_2021,2021-03-31,43246
502,ohio,OH,april_2021,2021-04-30,43005
503,ohio,OH,may_2021,2021-05-25,43014
504,oklahoma,OK,march,2020-03-16,24956
505,oklahoma,OK,april,2020-04-13,24395
506,oklahoma,OK,june,2020-06-16,22875
507,oklahoma,OK,july,2020-07-31,22201
508,oklahoma,OK,aug,2020-08-31,21980
509,oklahoma,OK,sept,2020-09-28,21769
510,oklahoma,OK,oct,2020-11-02,21678
511,oklahoma,OK,nov,2020-11-30,21709
512,oklahoma,OK,dec,2021-01-04,21718
513,oklahoma,OK,jan_2021,2021-02-01,21665
514,oklahoma,OK,feb_2021,2021-03-01,21670
515,oklahoma,OK,march_2021,2021-03-29,21729
516,oklahoma,OK,april_2021,2021-05-03,21725
517,oklahoma,OK,may_2021,2021-06-01,21615
518,oregon,OR,jan_2021,2020-02-01,12593
519,oregon,OR,march,2020-03-15,14459
520,oregon,OR,april,2020-04-15,14407
521,oregon,OR,june,2020-06-16,14055
522,oregon,OR,july,2020-07-31,13721
523,oregon,OR,aug,2020-08-31,13507
524,oregon,OR,sept,2020-10-01,13306
525,oregon,OR,oct,2020-11-01,13149
526,oregon,OR,nov,2020-12-01,12989
527,oregon,OR,dec,2020-12-31,12753
528,oregon,OR,feb_2021,2021-03-01,12404
529,oregon,OR,march_2021,2021-04-01,12322
530,oregon,OR,april_2021,2021-05-01,12190
531,oregon,OR,may_2021,2021-06-01,12098
532,pennsylvania,PA,march,2020-03-31,46559
533,pennsylvania,PA,april,2020-04-30,45251
534,pennsylvania,PA,june,2020-06-30,43916
535,pennsylvania,PA,july,2020-07-30,43204
536,pennsylvania,PA,aug,2020-08-31,41964
537,pennsylvania,PA,sept,2020-09-30,41438
538,pennsylvania,PA,oct,2020-10-30,41140
539,pennsylvania,PA,nov,2020-11-30,40786
540,pennsylvania,PA,dec,2020-12-31,40403
541,pennsylvania,PA,jan_2021,2021-01-31,40088
542,pennsylvania,PA,feb_2021,2021-02-28,39499
543,pennsylvania,PA,march_2021,2021-03-31,39296
544,pennsylvania,PA,april_2021,2021-04-30,39080
545,pennsylvania,PA,may_2021,2021-05-31,38868
546,rhode island,RI,march,2020-03-15,2674
547,rhode island,RI,april,2020-04-15,2275
548,rhode island,RI,june,2020-06-16,2180
549,rhode island,RI,july,2020-07-31,2200
550,rhode island,RI,aug,2020-08-31,2211
551,rhode island,RI,sept,2020-09-30,2184
552,rhode island,RI,oct,2020-10-31,2233
553,rhode island,RI,nov,2020-11-30,2179
554,rhode island,RI,dec,2020-12-31,2076
555,rhode island,RI,jan_2021,2021-01-31,2118
556,rhode island,RI,feb_2021,2021-02-28,2150
557,rhode island,RI,march_2021,2021-03-31,2120
558,rhode island,RI,april_2021,2021-04-30,2078
559,rhode island,RI,may_2021,2021-05-31,2125
560,south carolina,SC,march,2020-03-20,18113
561,south carolina,SC,april,2020-04-20,17772
562,south carolina,SC,june,2020-06-18,17188
563,south carolina,SC,july,2020-07-31,16710
564,south carolina,SC,aug,2020-08-29,16447
565,south carolina,SC,sept,2020-09-30,16540
566,south carolina,SC,oct,2020-10-30,16109
567,south carolina,SC,nov,2020-11-30,15927
568,south carolina,SC,dec,2020-12-31,15674
569,south carolina,SC,jan_2021,2021-01-31,15700
570,south carolina,SC,feb_2021,2021-03-01,15320
571,south carolina,SC,march_2021,2021-04-01,15293
572,south carolina,SC,april_2021,2021-05-01,15216
573,south carolina,SC,may_2021,2021-06-01,15159
574,south dakota,SD,march,2020-03-31,3701
575,south dakota,SD,april,2020-04-30,3546
576,south dakota,SD,june,2020-06-30,3367
577,south dakota,SD,july,2020-07-31,3309
578,south dakota,SD,aug,2020-08-31,3258
579,south dakota,SD,sept,2020-09-30,3235
580,south dakota,SD,oct,2020-10-31,3205
581,south dakota,SD,nov,2020-11-30,3205
582,south dakota,SD,dec,2020-12-31,3159
583,south dakota,SD,jan_2021,2021-01-31,3145
584,south dakota,SD,feb_2021,2021-02-28,3174
585,south dakota,SD,march_2021,2021-03-31,3180
586,south dakota,SD,april_2021,2021-04-30,3181
587,south dakota,SD,may_2021,2021-05-31,3228
588,tennessee,TN,march,2020-03-15,21616
589,tennessee,TN,april,2020-04-15,21150
590,tennessee,TN,june,2020-06-16,20079
591,tennessee,TN,july,2020-07-31,19249
592,tennessee,TN,aug,2020-08-31,19279
593,tennessee,TN,sept,2020-09-30,19143
594,tennessee,TN,oct,2020-10-31,19566
595,tennessee,TN,nov,2020-11-30,19605
596,tennessee,TN,dec,2020-12-31,19453
597,tennessee,TN,jan_2021,2021-01-31,19510
598,tennessee,TN,feb_2021,2021-02-28,19433
599,tennessee,TN,march_2021,2021-03-31,19687
600,tennessee,TN,april_2021,2021-04-30,19687
601,tennessee,TN,may_2021,2021-05-31,20537
602,texas,TX,jan_2021,2020-01-31,119541
603,texas,TX,march,2020-03-31,140124
604,texas,TX,april,2020-04-30,135833
605,texas,TX,june,2020-06-26,127200
606,texas,TX,july,2020-07-31,124181
607,texas,TX,aug,2020-08-31,121128
608,texas,TX,sept,2020-09-30,120709
609,texas,TX,oct,2020-10-31,122177
610,texas,TX,nov,2020-11-30,121876
611,texas,TX,dec,2020-12-31,120873
612,texas,TX,feb_2021,2021-02-28,117843
613,texas,TX,march_2021,2021-03-31,117491
614,texas,TX,april_2021,2021-04-30,116926
615,texas,TX,may_2021,2021-05-31,117838
616,utah,UT,march,2020-03-15,6900
617,utah,UT,april,2020-04-15,6441
618,utah,UT,june,2020-06-16,5993
619,utah,UT,july,2020-07-31,5915
620,utah,UT,aug,2020-08-31,5824
621,utah,UT,sept,2020-09-30,5814
622,utah,UT,oct,2020-10-31,5898
623,utah,UT,nov,2020-11-30,5496
624,utah,UT,jan_2021,2020-12-31,5485
625,utah,UT,dec,2020-12-31,5485
626,utah,UT,feb_2021,2021-02-28,5581
627,utah,UT,march_2021,2021-03-31,5602
628,utah,UT,april_2021,2021-04-30,5663
629,utah,UT,may_2021,2021-05-31,5728
630,vermont,VT,march,2020-03-15,1656
631,vermont,VT,april,2020-04-15,1406
632,vermont,VT,june,2020-06-16,1395
633,vermont,VT,july,2020-07-31,1390
634,vermont,VT,aug,2020-08-31,1417
635,vermont,VT,sept,2020-09-30,1413
636,vermont,VT,oct,2020-10-30,1369
637,vermont,VT,nov,2020-11-30,1380
638,vermont,VT,dec,2020-12-30,1292
639,vermont,VT,jan_2021,2021-01-29,1281
640,vermont,VT,feb_2021,2021-03-01,1274
641,vermont,VT,march_2021,2021-03-31,1238
642,vermont,VT,april_2021,2021-04-30,1228
643,vermont,VT,may_2021,2021-05-28,1261
644,virginia,VA,march,2020-03-13,29161
645,virginia,VA,april,2020-04-14,28559
646,virginia,VA,june,2020-06-16,28595
647,virginia,VA,july,2020-07-31,26749
648,virginia,VA,aug,2020-08-31,26190
649,virginia,VA,sept,2020-09-30,25659
650,virginia,VA,oct,2020-10-31,25156
651,virginia,VA,nov,2020-11-30,24731
652,virginia,VA,dec,2020-12-31,24235
653,virginia,VA,jan_2021,2021-01-31,23811
654,virginia,VA,feb_2021,2021-02-28,23644
655,virginia,VA,march_2021,2021-03-31,23796
656,virginia,VA,april_2021,2021-04-30,23897
657,virginia,VA,may_2021,2021-05-31,23966
658,washington,WA,march,2020-03-31,17263
659,washington,WA,april,2020-04-30,16906
660,washington,WA,june,2020-06-30,15837
661,washington,WA,july,2020-07-31,15626
662,washington,WA,aug,2020-08-31,15494
663,washington,WA,sept,2020-09-30,15339
664,washington,WA,oct,2020-10-31,15198
665,washington,WA,nov,2020-11-30,15111
666,washington,WA,dec,2020-12-31,14882
667,washington,WA,jan_2021,2021-01-31,14660
668,washington,WA,feb_2021,2021-02-28,14510
669,washington,WA,march_2021,2021-03-31,14314
670,washington,WA,april_2021,2021-04-30,14065
671,washington,WA,may_2021,2021-04-30,14065
672,west virginia,WV,march,2020-03-15,5952
673,west virginia,WV,april,2020-04-15,5556
674,west virginia,WV,june,2020-06-15,4898
675,west virginia,WV,july,2020-07-31,4398
676,west virginia,WV,aug,2020-08-31,4331
677,west virginia,WV,sept,2020-09-30,4275
678,west virginia,WV,oct,2020-10-31,4247
679,west virginia,WV,nov,2020-11-30,4189
680,west virginia,WV,dec,2020-12-31,3977
681,west virginia,WV,jan_2021,2021-01-31,3987
682,west virginia,WV,feb_2021,2021-02-28,3962
683,west virginia,WV,march_2021,2021-03-31,4053
684,west virginia,WV,april_2021,2021-04-30,4071
685,west virginia,WV,may_2021,2021-06-01,4425
686,wisconsin,WI,march,2020-03-13,23591
687,wisconsin,WI,april,2020-04-17,22507
688,wisconsin,WI,june,2020-06-12,21576
689,wisconsin,WI,july,2020-07-31,21252
690,wisconsin,WI,aug,2020-09-04,21136
691,wisconsin,WI,sept,2020-10-02,21495
692,wisconsin,WI,oct,2020-10-30,20796
693,wisconsin,WI,nov,2020-11-27,20494
694,wisconsin,WI,dec,2021-01-01,20033
695,wisconsin,WI,jan_2021,2021-01-29,19783
696,wisconsin,WI,feb_2021,2021-02-26,19513
697,wisconsin,WI,march_2021,2021-04-02,19357
698,wisconsin,WI,april_2021,2021-04-30,19301
699,wisconsin,WI,may_2021,2021-05-28,19271
700,wyoming,WY,march,2020-03-15,2156
701,wyoming,WY,april,2020-04-15,2098
702,wyoming,WY,june,2020-06-16,2001
703,wyoming,WY,july,2020-07-31,1986
704,wyoming,WY,aug,2020-08-31,1959
705,wyoming,WY,sept,2020-09-30,1996
706,wyoming,WY,oct,2020-10-31,2232
707,wyoming,WY,nov,2020-11-30,2157
708,wyoming,WY,dec,2020-12-31,2134
709,wyoming,WY,jan_2021,2021-01-31,2133
710,wyoming,WY,april_2021,2021-01-31,2133
711,wyoming,WY,may_2021,2021-01-31,2133
712,wyoming,WY,feb_2021,2021-01-31,2133
713,wyoming,WY,march_2021,2021-01-31,2133
